serial_number,Name,Symbol,Date,High,Low,Open,Close,Volume,Marketcap
383,Crypto.com Coin,CRO,2020-01-01 23:59:59,0.0342,0.0336,0.0336,0.034,11329574.4677,431344660.351475
384,Crypto.com Coin,CRO,2020-01-02 23:59:59,0.034,0.0326,0.034,0.0329,10238184.5109,418637264.833287
385,Crypto.com Coin,CRO,2020-01-03 23:59:59,0.0349,0.0327,0.033,0.0347,13517005.7586,442431385.179958
386,Crypto.com Coin,CRO,2020-01-04 23:59:59,0.0349,0.0342,0.0346,0.0347,9840614.4678,443474510.380264
387,Crypto.com Coin,CRO,2020-01-05 23:59:59,0.0353,0.0346,0.0348,0.0346,7626232.6983,443334280.939918
388,Crypto.com Coin,CRO,2020-01-06 23:59:59,0.0365,0.0346,0.0347,0.0365,10044474.8609,468610085.588146
389,Crypto.com Coin,CRO,2020-01-07 23:59:59,0.0384,0.0366,0.0366,0.0382,5271186.644,491118608.743279
390,Crypto.com Coin,CRO,2020-01-08 23:59:59,0.0419,0.0382,0.0382,0.0402,6041244.6644,517352135.128411
391,Crypto.com Coin,CRO,2020-01-09 23:59:59,0.0403,0.0385,0.0403,0.0387,11042954.4516,499522797.133672
392,Crypto.com Coin,CRO,2020-01-10 23:59:59,0.0405,0.0381,0.0387,0.0405,15037914.5556,522561588.502105
393,Crypto.com Coin,CRO,2020-01-11 23:59:59,0.0411,0.0398,0.0405,0.0402,15910131.1568,520742850.287546
394,Crypto.com Coin,CRO,2020-01-12 23:59:59,0.0413,0.04,0.0403,0.0411,15933826.5597,532860818.011418
395,Crypto.com Coin,CRO,2020-01-13 23:59:59,0.0415,0.0403,0.0411,0.0412,7392187.8509,534965139.923822
396,Crypto.com Coin,CRO,2020-01-14 23:59:59,0.0439,0.0411,0.0412,0.0437,6228652.0439,568272781.408049
397,Crypto.com Coin,CRO,2020-01-15 23:59:59,0.0458,0.0429,0.0436,0.0456,11692085.8011,593685587.112446
398,Crypto.com Coin,CRO,2020-01-16 23:59:59,0.0462,0.0446,0.0456,0.0461,16061791.5344,601738282.130133
399,Crypto.com Coin,CRO,2020-01-17 23:59:59,0.0472,0.0457,0.0461,0.0471,19425074.9439,616071499.894206
400,Crypto.com Coin,CRO,2020-01-18 23:59:59,0.0555,0.0467,0.0471,0.0473,9781479.2346,618421583.746872
401,Crypto.com Coin,CRO,2020-01-19 23:59:59,0.0484,0.0462,0.0473,0.0464,8578536.4475,606065742.500815
402,Crypto.com Coin,CRO,2020-01-20 23:59:59,0.0476,0.0461,0.0465,0.0472,16776457.1287,616320011.833771
403,Crypto.com Coin,CRO,2020-01-21 23:59:59,0.0477,0.0463,0.0471,0.0476,18718214.2397,622597062.491485
404,Crypto.com Coin,CRO,2020-01-22 23:59:59,0.0483,0.0473,0.0475,0.0481,16110724.4546,633817774.358039
405,Crypto.com Coin,CRO,2020-01-23 23:59:59,0.0482,0.0457,0.0481,0.0465,12561724.3192,613645367.672776
406,Crypto.com Coin,CRO,2020-01-24 23:59:59,0.0471,0.0456,0.0465,0.0467,19098843.1221,616352520.423303
407,Crypto.com Coin,CRO,2020-01-25 23:59:59,0.0467,0.0456,0.0467,0.0462,18470753.4074,610187094.609903
408,Crypto.com Coin,CRO,2020-01-26 23:59:59,0.0475,0.0458,0.0463,0.0474,10759313.1172,628947190.104262
409,Crypto.com Coin,CRO,2020-01-27 23:59:59,0.0494,0.0473,0.0474,0.0491,10449071.1365,652267960.311285
410,Crypto.com Coin,CRO,2020-01-28 23:59:59,0.0524,0.0487,0.0491,0.0523,10067207.5293,696455551.747421
411,Crypto.com Coin,CRO,2020-01-29 23:59:59,0.0535,0.0512,0.0523,0.052,6290559.0082,693791249.876364
412,Crypto.com Coin,CRO,2020-01-30 23:59:59,0.0531,0.0514,0.0521,0.0529,4999481.9962,706420685.985124
413,Crypto.com Coin,CRO,2020-01-31 23:59:59,0.0536,0.052,0.0529,0.0533,5277591.3573,712735456.902802
414,Crypto.com Coin,CRO,2020-02-01 23:59:59,0.0541,0.0524,0.0532,0.0526,3654612.5198,705302710.315851
415,Crypto.com Coin,CRO,2020-02-02 23:59:59,0.0552,0.0515,0.0527,0.0542,14742141.8246,727200101.424942
416,Crypto.com Coin,CRO,2020-02-03 23:59:59,0.0553,0.053,0.0542,0.0536,10608955.4234,719847411.057545
417,Crypto.com Coin,CRO,2020-02-04 23:59:59,0.0562,0.0534,0.0536,0.0559,15316509.1508,752775701.380968
418,Crypto.com Coin,CRO,2020-02-05 23:59:59,0.0588,0.0557,0.0559,0.0582,23670041.9137,785363042.335552
419,Crypto.com Coin,CRO,2020-02-06 23:59:59,0.0595,0.0577,0.0582,0.059,18881271.9411,796639820.931756
420,Crypto.com Coin,CRO,2020-02-07 23:59:59,0.0597,0.0588,0.059,0.0592,19060486.1661,801063865.060177
421,Crypto.com Coin,CRO,2020-02-08 23:59:59,0.0595,0.0583,0.0592,0.0594,12449261.9553,804916321.661301
422,Crypto.com Coin,CRO,2020-02-09 23:59:59,0.062,0.0588,0.0594,0.0616,19795985.0147,836232502.382101
423,Crypto.com Coin,CRO,2020-02-10 23:59:59,0.0678,0.0591,0.0617,0.0606,22275328.707,823509311.91252
424,Crypto.com Coin,CRO,2020-02-11 23:59:59,0.063,0.0593,0.0605,0.0624,20457660.9535,850351764.01533
425,Crypto.com Coin,CRO,2020-02-12 23:59:59,0.0645,0.0624,0.0626,0.0642,13533523.8792,875894822.549093
426,Crypto.com Coin,CRO,2020-02-13 23:59:59,0.0671,0.0636,0.0642,0.0662,9614061.4121,904481513.224823
427,Crypto.com Coin,CRO,2020-02-14 23:59:59,0.0873,0.0648,0.0662,0.0693,29073233.8003,948046400.758999
428,Crypto.com Coin,CRO,2020-02-15 23:59:59,0.0713,0.0623,0.0693,0.0626,23132336.1517,857752411.509435
429,Crypto.com Coin,CRO,2020-02-16 23:59:59,0.0653,0.0606,0.0627,0.0621,18574389.7663,851068312.860834
430,Crypto.com Coin,CRO,2020-02-17 23:59:59,0.0625,0.0569,0.0622,0.0582,23772983.5679,797792827.578205
431,Crypto.com Coin,CRO,2020-02-18 23:59:59,0.0621,0.057,0.0581,0.0617,21652630.275,850252319.101771
432,Crypto.com Coin,CRO,2020-02-19 23:59:59,0.0627,0.0597,0.0618,0.0598,20608557.7193,825453260.788849
433,Crypto.com Coin,CRO,2020-02-20 23:59:59,0.0608,0.0573,0.0599,0.0578,16910849.2932,797631547.456112
434,Crypto.com Coin,CRO,2020-02-21 23:59:59,0.059,0.0576,0.0577,0.0586,25833187.3763,808726407.996479
435,Crypto.com Coin,CRO,2020-02-22 23:59:59,0.0598,0.0579,0.0585,0.0591,38839904.8343,814860540.287788
436,Crypto.com Coin,CRO,2020-02-23 23:59:59,0.0621,0.0589,0.0592,0.0619,31065964.808,853363548.049844
437,Crypto.com Coin,CRO,2020-02-24 23:59:59,0.0628,0.0593,0.0618,0.0602,22774495.1091,830180697.610564
438,Crypto.com Coin,CRO,2020-02-25 23:59:59,0.0606,0.0589,0.0602,0.0592,20985544.8157,817106579.579784
439,Crypto.com Coin,CRO,2020-02-26 23:59:59,0.0593,0.0523,0.0593,0.0531,17364234.5325,733000834.744486
440,Crypto.com Coin,CRO,2020-02-27 23:59:59,0.0545,0.0514,0.0532,0.0537,5785828.2614,740949090.779307
441,Crypto.com Coin,CRO,2020-02-28 23:59:59,0.0544,0.0519,0.0537,0.0534,12937109.0353,736801327.841805
442,Crypto.com Coin,CRO,2020-02-29 23:59:59,0.0543,0.0524,0.0533,0.0524,16695204.3415,723320621.255632
443,Crypto.com Coin,CRO,2020-03-01 23:59:59,0.054,0.052,0.0523,0.0531,16135029.0583,731917787.692052
444,Crypto.com Coin,CRO,2020-03-02 23:59:59,0.0558,0.0525,0.053,0.0552,17098421.3924,761159288.373387
445,Crypto.com Coin,CRO,2020-03-03 23:59:59,0.0576,0.0549,0.0551,0.0567,8697814.8968,781658919.390515
446,Crypto.com Coin,CRO,2020-03-04 23:59:59,0.0577,0.0564,0.0567,0.0568,9924382.1326,783224961.033965
447,Crypto.com Coin,CRO,2020-03-05 23:59:59,0.0585,0.0568,0.0568,0.0577,16964757.668,814557421.29238
448,Crypto.com Coin,CRO,2020-03-06 23:59:59,0.0583,0.057,0.0577,0.0572,8107906.4165,808707031.148077
449,Crypto.com Coin,CRO,2020-03-07 23:59:59,0.0578,0.0562,0.057,0.0564,3425904.2789,798629239.494718
450,Crypto.com Coin,CRO,2020-03-08 23:59:59,0.0565,0.0511,0.0564,0.0512,3516045.0487,726968495.221109
451,Crypto.com Coin,CRO,2020-03-09 23:59:59,0.0516,0.048,0.0513,0.0492,4545823.8068,699074115.762733
452,Crypto.com Coin,CRO,2020-03-10 23:59:59,0.0519,0.0487,0.0492,0.0492,6118951.8993,699711434.788775
453,Crypto.com Coin,CRO,2020-03-11 23:59:59,0.0498,0.0474,0.0492,0.0491,9232985.6014,698810477.914036
454,Crypto.com Coin,CRO,2020-03-12 23:59:59,0.0494,0.0301,0.0491,0.0301,8719280.4489,427932842.84954
455,Crypto.com Coin,CRO,2020-03-13 23:59:59,0.0362,0.0252,0.0301,0.0339,11377827.4136,482981299.893962
456,Crypto.com Coin,CRO,2020-03-14 23:59:59,0.0356,0.0314,0.034,0.0319,15568197.7436,453496101.868695
457,Crypto.com Coin,CRO,2020-03-15 23:59:59,0.0358,0.0313,0.0319,0.0326,15715235.667,463331234.759471
458,Crypto.com Coin,CRO,2020-03-16 23:59:59,0.0326,0.0284,0.0326,0.0314,15650080.7052,447332691.698952
459,Crypto.com Coin,CRO,2020-03-17 23:59:59,0.0344,0.0314,0.0315,0.0338,10685821.4018,480576314.374485
460,Crypto.com Coin,CRO,2020-03-18 23:59:59,0.0353,0.0335,0.0336,0.0345,15981737.9966,491508383.173105
461,Crypto.com Coin,CRO,2020-03-19 23:59:59,0.0408,0.0345,0.0345,0.0398,18813358.0119,566103618.754661
462,Crypto.com Coin,CRO,2020-03-20 23:59:59,0.0431,0.0367,0.0397,0.0387,15508977.6165,550756144.540054
463,Crypto.com Coin,CRO,2020-03-21 23:59:59,0.0392,0.0367,0.0387,0.0378,16229619.8374,537915830.180394
464,Crypto.com Coin,CRO,2020-03-22 23:59:59,0.0395,0.0357,0.0378,0.036,14789272.3662,511860462.471826
465,Crypto.com Coin,CRO,2020-03-23 23:59:59,0.0405,0.0357,0.036,0.0403,11364819.4157,572974901.001608
466,Crypto.com Coin,CRO,2020-03-24 23:59:59,0.0455,0.0403,0.0404,0.0437,11740650.9268,622426622.212605
467,Crypto.com Coin,CRO,2020-03-25 23:59:59,0.0449,0.0427,0.0438,0.0434,13060671.3798,617574222.236646
468,Crypto.com Coin,CRO,2020-03-26 23:59:59,0.0455,0.0434,0.0434,0.0452,8762551.9424,642651750.294088
469,Crypto.com Coin,CRO,2020-03-27 23:59:59,0.0473,0.0449,0.0453,0.0453,8037250.1225,643981516.915301
470,Crypto.com Coin,CRO,2020-03-28 23:59:59,0.0452,0.042,0.0451,0.0424,19831429.8382,603580828.577571
471,Crypto.com Coin,CRO,2020-03-29 23:59:59,0.0434,0.0413,0.0425,0.0415,19018071.6162,590201799.431013
472,Crypto.com Coin,CRO,2020-03-30 23:59:59,0.0482,0.0412,0.0414,0.0475,14662644.5162,676282246.485087
473,Crypto.com Coin,CRO,2020-03-31 23:59:59,0.0493,0.0473,0.0476,0.0489,7697987.7143,695938661.238107
474,Crypto.com Coin,CRO,2020-04-01 23:59:59,0.0491,0.0463,0.0489,0.0491,4207064.2126,698816660.946738
475,Crypto.com Coin,CRO,2020-04-02 23:59:59,0.0505,0.047,0.049,0.0475,4250932.3865,676458417.270993
476,Crypto.com Coin,CRO,2020-04-03 23:59:59,0.0493,0.0472,0.0476,0.0477,13616300.1378,678424316.660314
477,Crypto.com Coin,CRO,2020-04-04 23:59:59,0.0485,0.0473,0.0477,0.0481,6517430.6758,684291454.10473
478,Crypto.com Coin,CRO,2020-04-05 23:59:59,0.049,0.048,0.0481,0.0487,4950735.342,693009654.227818
479,Crypto.com Coin,CRO,2020-04-06 23:59:59,0.0524,0.0487,0.0487,0.0522,6034695.826,742939329.712205
480,Crypto.com Coin,CRO,2020-04-07 23:59:59,0.0539,0.0514,0.0523,0.0518,7946211.8681,737691399.795972
481,Crypto.com Coin,CRO,2020-04-08 23:59:59,0.054,0.0517,0.0519,0.0538,6642642.099,765878216.129079
482,Crypto.com Coin,CRO,2020-04-09 23:59:59,0.054,0.0525,0.0536,0.0532,7564877.7707,757273885.215036
483,Crypto.com Coin,CRO,2020-04-10 23:59:59,0.0533,0.0493,0.0532,0.0496,6665333.3915,705347324.263072
484,Crypto.com Coin,CRO,2020-04-11 23:59:59,0.0509,0.0491,0.0496,0.0498,6673905.8257,708535371.703291
485,Crypto.com Coin,CRO,2020-04-12 23:59:59,0.0516,0.0492,0.0497,0.0504,6749483.5586,717779628.156716
486,Crypto.com Coin,CRO,2020-04-13 23:59:59,0.0503,0.0484,0.0503,0.0497,5859624.0267,707305397.949488
487,Crypto.com Coin,CRO,2020-04-14 23:59:59,0.0508,0.0494,0.0497,0.0499,5418479.6755,709649928.920189
488,Crypto.com Coin,CRO,2020-04-15 23:59:59,0.0511,0.0482,0.0499,0.0483,5094438.8266,686662869.981323
489,Crypto.com Coin,CRO,2020-04-16 23:59:59,0.0511,0.0476,0.0483,0.0507,6064519.7421,721697009.297562
490,Crypto.com Coin,CRO,2020-04-17 23:59:59,0.0509,0.0501,0.0507,0.0506,9681775.0909,719518046.126484
491,Crypto.com Coin,CRO,2020-04-18 23:59:59,0.0519,0.0504,0.0506,0.0516,4664741.7359,734119673.598638
492,Crypto.com Coin,CRO,2020-04-19 23:59:59,0.052,0.0511,0.0516,0.0513,3893213.6821,729594799.649806
493,Crypto.com Coin,CRO,2020-04-20 23:59:59,0.0516,0.0488,0.0513,0.0489,5072466.871,695524016.718984
494,Crypto.com Coin,CRO,2020-04-21 23:59:59,0.0492,0.0478,0.0487,0.0481,14235071.4136,684818724.225535
495,Crypto.com Coin,CRO,2020-04-22 23:59:59,0.0507,0.0481,0.0482,0.0505,7502831.2995,718301645.730653
496,Crypto.com Coin,CRO,2020-04-23 23:59:59,0.0533,0.0504,0.0505,0.0525,7424485.6587,746873906.791745
497,Crypto.com Coin,CRO,2020-04-24 23:59:59,0.0538,0.0524,0.0524,0.0533,5610098.4677,759130989.597236
498,Crypto.com Coin,CRO,2020-04-25 23:59:59,0.0542,0.0532,0.0533,0.0542,4494147.2445,771976752.991873
499,Crypto.com Coin,CRO,2020-04-26 23:59:59,0.0557,0.0537,0.0542,0.0553,4465843.7436,787115977.359238
500,Crypto.com Coin,CRO,2020-04-27 23:59:59,0.0563,0.0552,0.0554,0.0561,18162020.9859,798821939.478292
501,Crypto.com Coin,CRO,2020-04-28 23:59:59,0.0573,0.0556,0.0562,0.0572,8570637.761,814162779.609907
502,Crypto.com Coin,CRO,2020-04-29 23:59:59,0.0632,0.0571,0.0572,0.0626,9611623.8713,959892836.168392
503,Crypto.com Coin,CRO,2020-04-30 23:59:59,0.066,0.0578,0.0626,0.0581,10574388.0912,959168422.05483
504,Crypto.com Coin,CRO,2020-05-01 23:59:59,0.0596,0.057,0.0581,0.058,8432672.4613,959773096.714049
505,Crypto.com Coin,CRO,2020-05-02 23:59:59,0.0607,0.0561,0.0581,0.0604,6640830.4758,1000424958.17379
506,Crypto.com Coin,CRO,2020-05-03 23:59:59,0.0621,0.0584,0.0604,0.0599,7968703.4458,993835265.266748
507,Crypto.com Coin,CRO,2020-05-04 23:59:59,0.0612,0.0585,0.0599,0.0606,8098040.3303,1006374500.59842
508,Crypto.com Coin,CRO,2020-05-05 23:59:59,0.0629,0.0601,0.0608,0.0628,12363411.1849,1043061310.05979
509,Crypto.com Coin,CRO,2020-05-06 23:59:59,0.0657,0.0625,0.0627,0.0649,7928262.0679,1077104783.67669
510,Crypto.com Coin,CRO,2020-05-07 23:59:59,0.0674,0.0627,0.0649,0.066,13115710.4253,1095022238.14448
511,Crypto.com Coin,CRO,2020-05-08 23:59:59,0.0692,0.0649,0.066,0.068,7742790.5017,1129109205.83158
512,Crypto.com Coin,CRO,2020-05-09 23:59:59,0.0684,0.0663,0.068,0.0668,7450962.6349,1109068171.58771
513,Crypto.com Coin,CRO,2020-05-10 23:59:59,0.0668,0.0593,0.0668,0.0636,6276989.0344,1055362971.88803
514,Crypto.com Coin,CRO,2020-05-11 23:59:59,0.0664,0.062,0.0636,0.0642,9288766.7856,1065973333.11988
515,Crypto.com Coin,CRO,2020-05-12 23:59:59,0.0663,0.0639,0.0642,0.0649,6288003.37,1076780361.56015
516,Crypto.com Coin,CRO,2020-05-13 23:59:59,0.0665,0.0643,0.0648,0.0661,7118044.1137,1097489703.79483
517,Crypto.com Coin,CRO,2020-05-14 23:59:59,0.0664,0.0632,0.066,0.0639,7943638.4156,1061306613.10884
518,Crypto.com Coin,CRO,2020-05-15 23:59:59,0.0652,0.0625,0.064,0.0641,9456744.5229,1064156157.50563
519,Crypto.com Coin,CRO,2020-05-16 23:59:59,0.0659,0.0635,0.064,0.0651,9365647.6434,1080851783.00494
520,Crypto.com Coin,CRO,2020-05-17 23:59:59,0.0683,0.0649,0.0651,0.0671,8120741.7161,1113725099.64288
521,Crypto.com Coin,CRO,2020-05-18 23:59:59,0.0701,0.0666,0.0671,0.0699,9165023.9445,1161233256.57107
522,Crypto.com Coin,CRO,2020-05-19 23:59:59,0.071,0.0683,0.0699,0.0705,8960596.0526,1170269248.041
523,Crypto.com Coin,CRO,2020-05-20 23:59:59,0.0729,0.0704,0.0705,0.071,8602251.4489,1178538731.87548
524,Crypto.com Coin,CRO,2020-05-21 23:59:59,0.0728,0.0681,0.071,0.0692,23061287.0335,1148468067.25014
525,Crypto.com Coin,CRO,2020-05-22 23:59:59,0.0729,0.0684,0.0693,0.0723,28155605.1297,1201148610.42503
526,Crypto.com Coin,CRO,2020-05-23 23:59:59,0.0751,0.072,0.0723,0.0748,26976968.1455,1242082514.02198
527,Crypto.com Coin,CRO,2020-05-24 23:59:59,0.0776,0.0737,0.0748,0.0737,26763715.2757,1223655902.05485
528,Crypto.com Coin,CRO,2020-05-25 23:59:59,0.0795,0.073,0.0736,0.0793,28310972.1605,1316648012.19097
529,Crypto.com Coin,CRO,2020-05-26 23:59:59,0.0795,0.0775,0.0794,0.078,24530812.4908,1311023389.91222
530,Crypto.com Coin,CRO,2020-05-27 23:59:59,0.0813,0.0778,0.078,0.0802,32148617.2084,1372401129.59011
531,Crypto.com Coin,CRO,2020-05-28 23:59:59,0.0809,0.0786,0.0803,0.0802,32935219.5918,1374117216.01952
532,Crypto.com Coin,CRO,2020-05-29 23:59:59,0.081,0.0796,0.0802,0.08,28794162.9652,1372107600.05454
533,Crypto.com Coin,CRO,2020-05-30 23:59:59,0.0855,0.0792,0.08,0.0854,34309875.4722,1465832358.15768
534,Crypto.com Coin,CRO,2020-05-31 23:59:59,0.0859,0.0841,0.0854,0.0852,31879765.6988,1464765905.4465
535,Crypto.com Coin,CRO,2020-06-01 23:59:59,0.0942,0.0846,0.0852,0.0938,30383432.572,1614216361.93643
536,Crypto.com Coin,CRO,2020-06-02 23:59:59,0.0954,0.0886,0.0938,0.0903,33196447.1584,1556542268.60366
537,Crypto.com Coin,CRO,2020-06-03 23:59:59,0.0963,0.0899,0.0903,0.0959,30585680.4675,1655204449.50623
538,Crypto.com Coin,CRO,2020-06-04 23:59:59,0.1005,0.0956,0.096,0.0986,45263008.0183,1704625380.03429
539,Crypto.com Coin,CRO,2020-06-05 23:59:59,0.1014,0.0984,0.0986,0.1007,61816187.818,1742781218.1694
540,Crypto.com Coin,CRO,2020-06-06 23:59:59,0.1046,0.0992,0.1007,0.1042,53306827.7883,1806080918.60905
541,Crypto.com Coin,CRO,2020-06-07 23:59:59,0.1083,0.1025,0.1042,0.108,53474990.3349,1873371767.36232
542,Crypto.com Coin,CRO,2020-06-08 23:59:59,0.1097,0.1066,0.1081,0.109,48419833.6168,1893621711.07978
543,Crypto.com Coin,CRO,2020-06-09 23:59:59,0.1231,0.1084,0.109,0.1177,63796460.832,2046499322.0545
544,Crypto.com Coin,CRO,2020-06-10 23:59:59,0.1178,0.112,0.1177,0.115,56930596.0474,2003374611.72685
545,Crypto.com Coin,CRO,2020-06-11 23:59:59,0.116,0.1015,0.115,0.1051,56168810.3043,1833132389.75551
546,Crypto.com Coin,CRO,2020-06-12 23:59:59,0.1097,0.105,0.1051,0.1088,48827806.4347,1897719873.74679
547,Crypto.com Coin,CRO,2020-06-13 23:59:59,0.1094,0.1074,0.1088,0.1094,43499562.6997,1906890584.0883
548,Crypto.com Coin,CRO,2020-06-14 23:59:59,0.1124,0.1094,0.1094,0.1121,45966123.2976,1954113590.15162
549,Crypto.com Coin,CRO,2020-06-15 23:59:59,0.1123,0.1054,0.1121,0.1108,45201552.2209,1932452741.21136
550,Crypto.com Coin,CRO,2020-06-16 23:59:59,0.1145,0.1103,0.1108,0.1138,47979030.4882,1984760888.77949
551,Crypto.com Coin,CRO,2020-06-17 23:59:59,0.116,0.1133,0.1138,0.1158,44705348.4306,2019962794.1243
552,Crypto.com Coin,CRO,2020-06-18 23:59:59,0.1161,0.1143,0.1158,0.1161,45566581.1584,2023525987.85428
553,Crypto.com Coin,CRO,2020-06-19 23:59:59,0.1169,0.1134,0.116,0.1158,44751099.2634,2019964941.72542
554,Crypto.com Coin,CRO,2020-06-20 23:59:59,0.1193,0.1158,0.1159,0.119,54575362.925,2074819546.84305
555,Crypto.com Coin,CRO,2020-06-21 23:59:59,0.1202,0.1183,0.1191,0.1191,53623691.2669,2077221684.20249
556,Crypto.com Coin,CRO,2020-06-22 23:59:59,0.1246,0.1137,0.119,0.1244,62110983.9398,2199757290.59536
557,Crypto.com Coin,CRO,2020-06-23 23:59:59,0.1261,0.123,0.1244,0.1247,73817983.9161,2204810495.26812
558,Crypto.com Coin,CRO,2020-06-24 23:59:59,0.1257,0.1172,0.1248,0.118,64802931.496,2085766390.91043
559,Crypto.com Coin,CRO,2020-06-25 23:59:59,0.1181,0.1148,0.118,0.1163,61616127.1104,2056277266.37639
560,Crypto.com Coin,CRO,2020-06-26 23:59:59,0.1175,0.1135,0.1163,0.1146,56957179.7408,2025880863.07283
561,Crypto.com Coin,CRO,2020-06-27 23:59:59,0.1149,0.1104,0.1146,0.1129,56036245.5246,1996480521.20063
562,Crypto.com Coin,CRO,2020-06-28 23:59:59,0.1212,0.1124,0.1129,0.1194,57502127.3386,2110591692.33039
563,Crypto.com Coin,CRO,2020-06-29 23:59:59,0.1272,0.1189,0.1194,0.1265,64240438.6021,2235833608.81573
564,Crypto.com Coin,CRO,2020-06-30 23:59:59,0.1285,0.1247,0.1265,0.1249,65846839.2572,2208498901.93966
565,Crypto.com Coin,CRO,2020-07-01 23:59:59,0.1335,0.1248,0.1251,0.1261,43441646.4065,2228619291.31031
566,Crypto.com Coin,CRO,2020-07-02 23:59:59,0.1262,0.1222,0.126,0.1244,74175449.6529,2225901250.45515
567,Crypto.com Coin,CRO,2020-07-03 23:59:59,0.1257,0.123,0.1244,0.1248,77090407.4558,2236827422.76753
568,Crypto.com Coin,CRO,2020-07-04 23:59:59,0.1285,0.1245,0.1248,0.1281,75684470.9954,2298766898.60696
569,Crypto.com Coin,CRO,2020-07-05 23:59:59,0.1305,0.1277,0.1281,0.1302,71600026.0938,2339156569.54731
570,Crypto.com Coin,CRO,2020-07-06 23:59:59,0.1363,0.1299,0.1301,0.1358,72994884.6701,2441693130.6333
571,Crypto.com Coin,CRO,2020-07-07 23:59:59,0.1384,0.1337,0.1356,0.1382,65457448.6649,2487979434.92592
572,Crypto.com Coin,CRO,2020-07-08 23:59:59,0.1435,0.1379,0.1382,0.1434,69288995.5442,2585529785.75113
573,Crypto.com Coin,CRO,2020-07-09 23:59:59,0.1446,0.1413,0.1435,0.1426,66350220.5069,2574105664.31244
574,Crypto.com Coin,CRO,2020-07-10 23:59:59,0.1434,0.1412,0.1426,0.1432,65600294.6431,2587753825.70879
575,Crypto.com Coin,CRO,2020-07-11 23:59:59,0.1452,0.1422,0.1432,0.1449,65484123.5598,2621969727.53299
576,Crypto.com Coin,CRO,2020-07-12 23:59:59,0.1458,0.1433,0.1449,0.1445,60945997.5511,2617693018.80445
577,Crypto.com Coin,CRO,2020-07-13 23:59:59,0.1451,0.1416,0.1445,0.1425,83000416.2542,2584007396.93448
578,Crypto.com Coin,CRO,2020-07-14 23:59:59,0.1427,0.1382,0.1425,0.1405,60453593.055,2551393472.36187
579,Crypto.com Coin,CRO,2020-07-15 23:59:59,0.1441,0.1396,0.1404,0.143,65888251.0415,2600284028.7658
580,Crypto.com Coin,CRO,2020-07-16 23:59:59,0.1433,0.141,0.1431,0.1418,57780463.4472,2581937418.05831
581,Crypto.com Coin,CRO,2020-07-17 23:59:59,0.143,0.1413,0.1418,0.1422,59645974.0945,2592420430.64253
582,Crypto.com Coin,CRO,2020-07-18 23:59:59,0.1454,0.1417,0.1422,0.1449,64919653.3355,2643930912.19664
583,Crypto.com Coin,CRO,2020-07-19 23:59:59,0.145,0.1432,0.1448,0.1446,61791767.1838,2641383957.31685
584,Crypto.com Coin,CRO,2020-07-20 23:59:59,0.1451,0.1407,0.1446,0.1418,64769273.4884,2590759653.04537
585,Crypto.com Coin,CRO,2020-07-21 23:59:59,0.1442,0.1412,0.1418,0.1437,68712860.446,2631847701.66234
586,Crypto.com Coin,CRO,2020-07-22 23:59:59,0.147,0.1429,0.1436,0.1466,64787676.3792,2687831262.82289
587,Crypto.com Coin,CRO,2020-07-23 23:59:59,0.1472,0.1452,0.1466,0.1463,69255825.2778,2686284199.14479
588,Crypto.com Coin,CRO,2020-07-24 23:59:59,0.1482,0.1456,0.1463,0.1465,71424812.9179,2692960300.1148
589,Crypto.com Coin,CRO,2020-07-25 23:59:59,0.1509,0.1465,0.1466,0.1502,79542242.9257,2764055408.79536
590,Crypto.com Coin,CRO,2020-07-26 23:59:59,0.1569,0.1495,0.1502,0.1533,78652185.1342,2824396975.43618
591,Crypto.com Coin,CRO,2020-07-27 23:59:59,0.1688,0.1533,0.1533,0.1649,108386634.1242,3040926279.82378
592,Crypto.com Coin,CRO,2020-07-28 23:59:59,0.1679,0.1574,0.1651,0.1594,112981282.2436,2944107096.62408
593,Crypto.com Coin,CRO,2020-07-29 23:59:59,0.1659,0.1588,0.1595,0.1635,114354886.8648,3022115588.85079
594,Crypto.com Coin,CRO,2020-07-30 23:59:59,0.164,0.1602,0.1635,0.1623,101498428.4022,3005043336.9785
595,Crypto.com Coin,CRO,2020-07-31 23:59:59,0.1658,0.1602,0.1623,0.1645,108949915.8126,3047825495.30919
596,Crypto.com Coin,CRO,2020-08-01 23:59:59,0.1736,0.1636,0.1645,0.1734,119518056.9178,3217382935.53072
597,Crypto.com Coin,CRO,2020-08-02 23:59:59,0.1773,0.1633,0.1736,0.1637,115478152.918,3041187799.16583
598,Crypto.com Coin,CRO,2020-08-03 23:59:59,0.1705,0.1631,0.1637,0.1631,95930019.5104,3033367358.66973
599,Crypto.com Coin,CRO,2020-08-04 23:59:59,0.1644,0.1555,0.1631,0.1566,94475173.93,2915925134.69792
600,Crypto.com Coin,CRO,2020-08-05 23:59:59,0.1645,0.1553,0.1566,0.1637,84612526.5892,3051079805.26908
601,Crypto.com Coin,CRO,2020-08-06 23:59:59,0.1648,0.1616,0.1638,0.1624,79028082.6765,3030832036.04364
602,Crypto.com Coin,CRO,2020-08-07 23:59:59,0.1654,0.1597,0.1626,0.1621,90420637.9562,3028161418.06172
603,Crypto.com Coin,CRO,2020-08-08 23:59:59,0.168,0.1618,0.162,0.1673,89918255.1539,3130018470.53924
604,Crypto.com Coin,CRO,2020-08-09 23:59:59,0.1685,0.166,0.1674,0.1673,80666058.9917,3132581940.98991
605,Crypto.com Coin,CRO,2020-08-10 23:59:59,0.1723,0.1671,0.1673,0.1687,74269885.81,3163303999.50691
606,Crypto.com Coin,CRO,2020-08-11 23:59:59,0.1694,0.1582,0.1687,0.1613,74736864.6497,3027848138.06743
607,Crypto.com Coin,CRO,2020-08-12 23:59:59,0.1651,0.1581,0.1615,0.1627,71250137.9421,3058357913.82665
608,Crypto.com Coin,CRO,2020-08-13 23:59:59,0.1644,0.1572,0.1627,0.164,72126751.4385,3086826991.07857
609,Crypto.com Coin,CRO,2020-08-14 23:59:59,0.1661,0.1623,0.164,0.1648,74868949.5203,3105483179.67998
610,Crypto.com Coin,CRO,2020-08-15 23:59:59,0.1686,0.1647,0.1649,0.1664,74145059.5478,3138857218.15447
611,Crypto.com Coin,CRO,2020-08-16 23:59:59,0.1693,0.1657,0.1665,0.1685,73773956.5489,3182173951.32977
612,Crypto.com Coin,CRO,2020-08-17 23:59:59,0.1731,0.1673,0.1685,0.1698,82592989.1095,3210838967.69365
613,Crypto.com Coin,CRO,2020-08-18 23:59:59,0.1727,0.1666,0.1697,0.1666,76482755.2339,3152797821.35234
614,Crypto.com Coin,CRO,2020-08-19 23:59:59,0.1689,0.1616,0.1667,0.1625,70442607.8359,3078995520.07128
615,Crypto.com Coin,CRO,2020-08-20 23:59:59,0.166,0.1622,0.1625,0.1637,65175000.9695,3105073022.46422
616,Crypto.com Coin,CRO,2020-08-21 23:59:59,0.2017,0.1626,0.1634,0.1688,202365149.0817,3206314552.51844
617,Crypto.com Coin,CRO,2020-08-22 23:59:59,0.1701,0.1655,0.169,0.1683,112921922.273,3199255537.73745
618,Crypto.com Coin,CRO,2020-08-23 23:59:59,0.1725,0.1669,0.1684,0.1713,75110842.4047,3347205763.82775
619,Crypto.com Coin,CRO,2020-08-24 23:59:59,0.1756,0.1696,0.1716,0.1741,81441408.6585,3404704296.13451
620,Crypto.com Coin,CRO,2020-08-25 23:59:59,0.1752,0.1675,0.1751,0.1692,83895599.3885,3313466409.30747
621,Crypto.com Coin,CRO,2020-08-26 23:59:59,0.1714,0.1676,0.1689,0.17,76329402.1596,3331932879.85853
622,Crypto.com Coin,CRO,2020-08-27 23:59:59,0.1726,0.1676,0.1701,0.1678,69991629.7924,3293332383.63078
623,Crypto.com Coin,CRO,2020-08-28 23:59:59,0.1738,0.1677,0.1678,0.1731,69117045.8003,3401084820.85355
624,Crypto.com Coin,CRO,2020-08-29 23:59:59,0.1748,0.1717,0.1727,0.1739,66760248.5674,3421174387.87568
625,Crypto.com Coin,CRO,2020-08-30 23:59:59,0.1783,0.173,0.1738,0.1783,65361525.1708,3511392721.81626
626,Crypto.com Coin,CRO,2020-08-31 23:59:59,0.1803,0.1768,0.1783,0.1785,80901468.1552,3518327760.73839
627,Crypto.com Coin,CRO,2020-09-01 23:59:59,0.1833,0.1771,0.1784,0.1798,81791054.9872,3548814514.77759
628,Crypto.com Coin,CRO,2020-09-02 23:59:59,0.1818,0.1716,0.1797,0.1741,79650491.8932,3438566261.15168
629,Crypto.com Coin,CRO,2020-09-03 23:59:59,0.1747,0.1527,0.1738,0.1542,71633484.0667,3050602691.59273
630,Crypto.com Coin,CRO,2020-09-04 23:59:59,0.1585,0.1518,0.154,0.1565,67286098.1832,3098254556.70729
631,Crypto.com Coin,CRO,2020-09-05 23:59:59,0.1575,0.1477,0.1565,0.1497,75230685.3422,2964767435.35694
632,Crypto.com Coin,CRO,2020-09-06 23:59:59,0.152,0.1474,0.1497,0.1508,66975386.4742,2992005645.55619
633,Crypto.com Coin,CRO,2020-09-07 23:59:59,0.152,0.1449,0.151,0.15,69107074.0662,2980068897.24043
634,Crypto.com Coin,CRO,2020-09-08 23:59:59,0.1509,0.1449,0.1501,0.1483,68456617.7828,2949223520.61337
635,Crypto.com Coin,CRO,2020-09-09 23:59:59,0.1524,0.147,0.1481,0.1508,65650202.484,3002551767.37517
636,Crypto.com Coin,CRO,2020-09-10 23:59:59,0.1535,0.1501,0.1509,0.1509,65739130.2822,3003598998.54247
637,Crypto.com Coin,CRO,2020-09-11 23:59:59,0.161,0.1478,0.1509,0.1595,78208142.276,3174933204.59745
638,Crypto.com Coin,CRO,2020-09-12 23:59:59,0.164,0.1591,0.1595,0.1634,70129709.1233,3252454138.70229
639,Crypto.com Coin,CRO,2020-09-13 23:59:59,0.1653,0.1593,0.1634,0.16,67082471.1133,3198579994.73033
640,Crypto.com Coin,CRO,2020-09-14 23:59:59,0.1697,0.1594,0.16,0.168,69980015.9534,3363178760.33944
641,Crypto.com Coin,CRO,2020-09-15 23:59:59,0.1723,0.1666,0.168,0.1696,70857186.2378,3398007525.36418
642,Crypto.com Coin,CRO,2020-09-16 23:59:59,0.1707,0.1673,0.1696,0.1689,69509637.9085,3388568051.66156
643,Crypto.com Coin,CRO,2020-09-17 23:59:59,0.17,0.1646,0.1689,0.1667,66199258.6135,3348434646.27116
644,Crypto.com Coin,CRO,2020-09-18 23:59:59,0.1686,0.1647,0.1667,0.1663,47925361.5429,3343013619.55116
645,Crypto.com Coin,CRO,2020-09-19 23:59:59,0.1689,0.1655,0.1663,0.1678,55383196.1761,3377893441.04043
646,Crypto.com Coin,CRO,2020-09-20 23:59:59,0.1681,0.144,0.1681,0.1596,81310421.2863,3215260619.36375
647,Crypto.com Coin,CRO,2020-09-21 23:59:59,0.1607,0.1512,0.1598,0.1523,47114869.9313,3071254367.70963
648,Crypto.com Coin,CRO,2020-09-22 23:59:59,0.1535,0.1509,0.1523,0.1526,54950121.6724,3082476750.50898
649,Crypto.com Coin,CRO,2020-09-23 23:59:59,0.1531,0.1475,0.1526,0.1477,61995250.9404,2985387722.485263
650,Crypto.com Coin,CRO,2020-09-24 23:59:59,0.155,0.1476,0.1477,0.1547,63183232.0652,3131547616.17896
651,Crypto.com Coin,CRO,2020-09-25 23:59:59,0.155,0.1527,0.1547,0.154,62565582.8649,3120528814.7119446
652,Crypto.com Coin,CRO,2020-09-26 23:59:59,0.1554,0.1535,0.154,0.1544,59006633.0397,3131427134.363605
653,Crypto.com Coin,CRO,2020-09-27 23:59:59,0.1556,0.1526,0.1546,0.1546,65664609.3087,3138700511.135216
654,Crypto.com Coin,CRO,2020-09-28 23:59:59,0.1568,0.1528,0.1548,0.1528,63347888.817,3106333078.16298
655,Crypto.com Coin,CRO,2020-09-29 23:59:59,0.1543,0.1519,0.1531,0.1538,63308745.2751,3130338077.492171
656,Crypto.com Coin,CRO,2020-09-30 23:59:59,0.1544,0.1513,0.1536,0.152,61561462.5023,3096179754.419667
657,Crypto.com Coin,CRO,2020-10-01 23:59:59,0.1547,0.1478,0.1524,0.1495,70212112.7688,3048026877.613772
658,Crypto.com Coin,CRO,2020-10-02 23:59:59,0.1503,0.146,0.1495,0.147,67408987.5317,3000132889.538417
659,Crypto.com Coin,CRO,2020-10-03 23:59:59,0.1476,0.1463,0.1469,0.147,60068447.7445,3003877834.198104
660,Crypto.com Coin,CRO,2020-10-04 23:59:59,0.149,0.1466,0.147,0.1489,63791047.9557,3045851405.2202096
661,Crypto.com Coin,CRO,2020-10-05 23:59:59,0.15,0.1481,0.1489,0.15,62605350.0913,3071967739.1941137
662,Crypto.com Coin,CRO,2020-10-06 23:59:59,0.1502,0.1464,0.1502,0.1472,59768356.1026,3017620035.221608
663,Crypto.com Coin,CRO,2020-10-07 23:59:59,0.148,0.1467,0.1473,0.1476,53669799.8283,3028761801.608362
664,Crypto.com Coin,CRO,2020-10-08 23:59:59,0.1512,0.146,0.1477,0.1506,63807342.6288,3094499868.4572816
665,Crypto.com Coin,CRO,2020-10-09 23:59:59,0.153,0.1496,0.1509,0.1524,59678399.2004,3134866092.067361
666,Crypto.com Coin,CRO,2020-10-10 23:59:59,0.1573,0.1522,0.1525,0.1543,69761193.7338,3177432912.0565343
667,Crypto.com Coin,CRO,2020-10-11 23:59:59,0.1558,0.1533,0.1543,0.1542,66367425.6678,3177178941.760196
668,Crypto.com Coin,CRO,2020-10-12 23:59:59,0.157,0.1517,0.1542,0.1547,61780334.0244,3192236305.250686
669,Crypto.com Coin,CRO,2020-10-13 23:59:59,0.1547,0.147,0.1546,0.1472,59767000.768,3039248816.756653
670,Crypto.com Coin,CRO,2020-10-14 23:59:59,0.1483,0.1379,0.1474,0.1389,66311661.8148,2871263475.243188
671,Crypto.com Coin,CRO,2020-10-15 23:59:59,0.1404,0.1377,0.1388,0.1395,68691153.1883,2888037186.360323
672,Crypto.com Coin,CRO,2020-10-16 23:59:59,0.14,0.1355,0.1393,0.1362,66965741.9656,2822407208.979619
673,Crypto.com Coin,CRO,2020-10-17 23:59:59,0.1365,0.1328,0.1364,0.1337,61046870.2372,2772299112.778037
674,Crypto.com Coin,CRO,2020-10-18 23:59:59,0.1342,0.1211,0.1339,0.1211,83167699.9997,2514635398.9752784
675,Crypto.com Coin,CRO,2020-10-19 23:59:59,0.122,0.1051,0.1219,0.1104,81200654.3149,2294780968.352538
676,Crypto.com Coin,CRO,2020-10-20 23:59:59,0.1108,0.1055,0.1098,0.1059,72974667.1681,2203795736.748815
677,Crypto.com Coin,CRO,2020-10-21 23:59:59,0.108,0.1011,0.1061,0.1015,74086709.8598,2111834062.9281664
678,Crypto.com Coin,CRO,2020-10-22 23:59:59,0.1022,0.0961,0.1013,0.0961,90684855.2066,2000097773.4090185
679,Crypto.com Coin,CRO,2020-10-23 23:59:59,0.1014,0.0915,0.0959,0.1008,69284741.9547,2103277858.3594408
680,Crypto.com Coin,CRO,2020-10-24 23:59:59,0.1045,0.1005,0.1008,0.1018,60200860.014,2126960665.6211035
681,Crypto.com Coin,CRO,2020-10-25 23:59:59,0.105,0.0965,0.1018,0.0967,54986128.4001,2021811281.322341
682,Crypto.com Coin,CRO,2020-10-26 23:59:59,0.0988,0.0949,0.0967,0.0962,65696725.8962,2013324022.973916
683,Crypto.com Coin,CRO,2020-10-27 23:59:59,0.0996,0.0955,0.0962,0.0984,66202933.3555,2062977941.1420608
684,Crypto.com Coin,CRO,2020-10-28 23:59:59,0.1002,0.0882,0.0984,0.0893,58394642.3007,1873951394.0732176
685,Crypto.com Coin,CRO,2020-10-29 23:59:59,0.0911,0.0881,0.0893,0.0903,45221368.4835,1895805761.1968772
686,Crypto.com Coin,CRO,2020-10-30 23:59:59,0.0911,0.0836,0.0903,0.0841,52528969.2352,1768564023.295235
687,Crypto.com Coin,CRO,2020-10-31 23:59:59,0.0857,0.0831,0.0841,0.0842,55122207.922,1771245602.654456
688,Crypto.com Coin,CRO,2020-11-01 23:59:59,0.0864,0.0835,0.0842,0.0842,73777939.6781,1774246996.2327707
689,Crypto.com Coin,CRO,2020-11-02 23:59:59,0.0859,0.0795,0.0842,0.0799,55779255.2539,1686207506.9925053
690,Crypto.com Coin,CRO,2020-11-03 23:59:59,0.0803,0.0734,0.0799,0.0793,55530475.2652,1675183552.709979
691,Crypto.com Coin,CRO,2020-11-04 23:59:59,0.0798,0.0754,0.0793,0.077,47591511.5973,1626694164.1405883
692,Crypto.com Coin,CRO,2020-11-05 23:59:59,0.0799,0.0767,0.077,0.0795,42088446.7608,1682357153.1817453
693,Crypto.com Coin,CRO,2020-11-06 23:59:59,0.0809,0.077,0.0795,0.0791,52988736.9013,1675461429.3761744
694,Crypto.com Coin,CRO,2020-11-07 23:59:59,0.08,0.073,0.0791,0.0733,55809220.0815,1553541766.4817502
695,Crypto.com Coin,CRO,2020-11-08 23:59:59,0.0768,0.0729,0.0733,0.0748,35806102.2046,1586909490.9222238
696,Crypto.com Coin,CRO,2020-11-09 23:59:59,0.075,0.0692,0.0748,0.0703,43037872.1026,1493510958.3038225
697,Crypto.com Coin,CRO,2020-11-10 23:59:59,0.0713,0.0691,0.0703,0.0698,43070950.7805,1485402020.0748038
698,Crypto.com Coin,CRO,2020-11-11 23:59:59,0.0713,0.0697,0.0698,0.0707,39112506.6346,1504445995.5423582
699,Crypto.com Coin,CRO,2020-11-12 23:59:59,0.0729,0.0699,0.0707,0.0721,46644256.9026,1535585766.1215465
700,Crypto.com Coin,CRO,2020-11-13 23:59:59,0.0729,0.0699,0.0721,0.0704,39602281.6706,1502269547.368107
701,Crypto.com Coin,CRO,2020-11-14 23:59:59,0.0704,0.0664,0.0704,0.0676,43016658.6082,1444289845.7086115
702,Crypto.com Coin,CRO,2020-11-15 23:59:59,0.0684,0.0634,0.0676,0.064,45658417.757,1366432411.6624837
703,Crypto.com Coin,CRO,2020-11-16 23:59:59,0.0668,0.0633,0.064,0.0647,43157230.3932,1404831473.663018
704,Crypto.com Coin,CRO,2020-11-17 23:59:59,0.0678,0.0635,0.0652,0.0644,41224891.7626,1398781450.4036732
705,Crypto.com Coin,CRO,2020-11-18 23:59:59,0.0672,0.0631,0.0644,0.0658,69339657.7514,1431616292.889084
706,Crypto.com Coin,CRO,2020-11-19 23:59:59,0.067,0.065,0.0658,0.0667,57835170.9143,1452444608.3978508
707,Crypto.com Coin,CRO,2020-11-20 23:59:59,0.0772,0.0667,0.0667,0.077,58725279.1178,1676922761.532406
708,Crypto.com Coin,CRO,2020-11-21 23:59:59,0.0783,0.0726,0.077,0.0728,66255721.789,1586472435.686763
709,Crypto.com Coin,CRO,2020-11-22 23:59:59,0.0729,0.069,0.0728,0.0709,53019824.8622,1547614858.2314827
710,Crypto.com Coin,CRO,2020-11-23 23:59:59,0.0732,0.0697,0.0709,0.0722,55779718.0052,1577178045.9646127
711,Crypto.com Coin,CRO,2020-11-24 23:59:59,0.0814,0.0717,0.0723,0.0811,78047742.1987,1772180615.2178986
712,Crypto.com Coin,CRO,2020-11-25 23:59:59,0.0827,0.0777,0.0811,0.0783,78033871.4997,1710962861.131548
713,Crypto.com Coin,CRO,2020-11-26 23:59:59,0.0787,0.0613,0.0782,0.0637,69503398.9864,1393883276.0362494
714,Crypto.com Coin,CRO,2020-11-27 23:59:59,0.0649,0.0619,0.0637,0.0643,51981839.3151,1406978822.2947392
715,Crypto.com Coin,CRO,2020-11-28 23:59:59,0.0656,0.0631,0.0642,0.0652,40269645.5451,1428940475.9487338
716,Crypto.com Coin,CRO,2020-11-29 23:59:59,0.0665,0.0644,0.0652,0.0662,39842790.3137,1451288944.6936326
717,Crypto.com Coin,CRO,2020-11-30 23:59:59,0.0703,0.0655,0.0662,0.0702,56414795.1642,1541449953.88223
718,Crypto.com Coin,CRO,2020-12-01 23:59:59,0.0707,0.0641,0.0702,0.0656,53926457.5922,1440235286.249406
719,Crypto.com Coin,CRO,2020-12-02 23:59:59,0.0669,0.0646,0.0656,0.0668,48981227.5271,1467570913.254011
720,Crypto.com Coin,CRO,2020-12-03 23:59:59,0.0669,0.0653,0.0668,0.0663,45454878.0309,1458054977.6141877
721,Crypto.com Coin,CRO,2020-12-04 23:59:59,0.0668,0.0628,0.0663,0.0629,44811876.1008,1384691372.864292
722,Crypto.com Coin,CRO,2020-12-05 23:59:59,0.0645,0.0625,0.0629,0.0642,40315182.2546,1414649015.7307522
723,Crypto.com Coin,CRO,2020-12-06 23:59:59,0.0645,0.0631,0.0642,0.0638,36241551.3289,1406517049.51273
724,Crypto.com Coin,CRO,2020-12-07 23:59:59,0.0643,0.063,0.0639,0.0642,41328765.6399,1415967181.3187823
725,Crypto.com Coin,CRO,2020-12-08 23:59:59,0.0647,0.0603,0.0641,0.0604,44712560.7538,1334059289.2259314
726,Crypto.com Coin,CRO,2020-12-09 23:59:59,0.0606,0.057,0.0604,0.0604,43833382.3475,1334175410.5382588
727,Crypto.com Coin,CRO,2020-12-10 23:59:59,0.0614,0.0584,0.0604,0.0592,36097429.6074,1308530183.7108777
728,Crypto.com Coin,CRO,2020-12-11 23:59:59,0.0593,0.0569,0.0592,0.0586,36765539.874,1296053174.8611815
729,Crypto.com Coin,CRO,2020-12-12 23:59:59,0.0597,0.0585,0.0585,0.0594,31643614.4946,1315059750.8759148
730,Crypto.com Coin,CRO,2020-12-13 23:59:59,0.0617,0.0592,0.0594,0.0606,34525733.4953,1342411148.6173103
731,Crypto.com Coin,CRO,2020-12-14 23:59:59,0.0611,0.0599,0.0606,0.0607,42027544.955,1346937428.7424505
732,Crypto.com Coin,CRO,2020-12-15 23:59:59,0.0628,0.0605,0.0607,0.0616,47445989.2822,1368078759.819167
733,Crypto.com Coin,CRO,2020-12-16 23:59:59,0.0649,0.0611,0.0616,0.0649,50634621.7177,1440781905.4672475
734,Crypto.com Coin,CRO,2020-12-17 23:59:59,0.0695,0.0648,0.0649,0.0665,71611464.1921,1476992641.0197785
735,Crypto.com Coin,CRO,2020-12-18 23:59:59,0.0671,0.0643,0.0665,0.0648,47518416.7267,1441164109.4331152
736,Crypto.com Coin,CRO,2020-12-19 23:59:59,0.067,0.0647,0.0648,0.0659,49850142.0137,1467726134.5048466
737,Crypto.com Coin,CRO,2020-12-20 23:59:59,0.068,0.0647,0.0659,0.0661,49801920.9295,1471282845.8932056
738,Crypto.com Coin,CRO,2020-12-21 23:59:59,0.0685,0.0556,0.0662,0.0594,85448281.8718,1323829764.7640553
739,Crypto.com Coin,CRO,2020-12-22 23:59:59,0.0615,0.0584,0.0593,0.0609,63699781.6063,1359300116.500623
740,Crypto.com Coin,CRO,2020-12-23 23:59:59,0.0618,0.055,0.0609,0.0554,56035787.1634,1237604396.035571
741,Crypto.com Coin,CRO,2020-12-24 23:59:59,0.0581,0.0538,0.0555,0.058,42015804.3978,1295553523.6903512
742,Crypto.com Coin,CRO,2020-12-25 23:59:59,0.0602,0.0572,0.0581,0.058,43322241.9212,1296996722.112369
743,Crypto.com Coin,CRO,2020-12-26 23:59:59,0.0601,0.058,0.058,0.0592,43844468.7247,1325040908.171767
744,Crypto.com Coin,CRO,2020-12-27 23:59:59,0.06,0.056,0.0592,0.0569,46672592.5807,1273375675.083557
745,Crypto.com Coin,CRO,2020-12-28 23:59:59,0.0601,0.0568,0.0569,0.0593,47243129.8474,1328747841.7223425
746,Crypto.com Coin,CRO,2020-12-29 23:59:59,0.0595,0.0562,0.0592,0.058,44427814.7371,1301350093.123494
747,Crypto.com Coin,CRO,2020-12-30 23:59:59,0.0619,0.0579,0.058,0.0589,45461395.1707,1322324101.6828115
748,Crypto.com Coin,CRO,2020-12-31 23:59:59,0.0597,0.0566,0.059,0.0585,38736237.3602,1314221135.1043043
749,Crypto.com Coin,CRO,2021-01-01 23:59:59,0.0597,0.0582,0.0585,0.0596,39231283.7633,1339044330.8424785
750,Crypto.com Coin,CRO,2021-01-02 23:59:59,0.0705,0.0596,0.0596,0.0618,101498915.6881,1390208929.8000028
751,Crypto.com Coin,CRO,2021-01-03 23:59:59,0.0619,0.0586,0.0618,0.0598,64754574.3307,1344967496.373228
752,Crypto.com Coin,CRO,2021-01-04 23:59:59,0.0716,0.0588,0.0598,0.0654,125552235.9584,1473600719.4015503
753,Crypto.com Coin,CRO,2021-01-05 23:59:59,0.0669,0.0619,0.0655,0.0663,72094702.4871,1495333995.2126553
754,Crypto.com Coin,CRO,2021-01-06 23:59:59,0.0772,0.0653,0.0664,0.0768,133217938.0098,1732876006.7508934
755,Crypto.com Coin,CRO,2021-01-07 23:59:59,0.0791,0.0728,0.0768,0.0778,147443463.4828,1756336331.8030798
756,Crypto.com Coin,CRO,2021-01-08 23:59:59,0.0896,0.0722,0.0778,0.0817,151538913.8368,1844953938.958196
757,Crypto.com Coin,CRO,2021-01-09 23:59:59,0.0843,0.0768,0.0817,0.0829,77184125.5006,1872830823.202589
758,Crypto.com Coin,CRO,2021-01-10 23:59:59,0.0874,0.0722,0.0829,0.0778,100076336.0476,1760902562.5157266
759,Crypto.com Coin,CRO,2021-01-11 23:59:59,0.0778,0.0585,0.0778,0.0669,140531497.449,1514354916.986392
760,Crypto.com Coin,CRO,2021-01-12 23:59:59,0.0701,0.063,0.0669,0.065,61842054.218,1472720909.0870478
761,Crypto.com Coin,CRO,2021-01-13 23:59:59,0.072,0.0642,0.065,0.0712,54634551.2723,1614575093.208984
762,Crypto.com Coin,CRO,2021-01-14 23:59:59,0.0767,0.07,0.0712,0.0767,65974864.914,1740114153.3181365
763,Crypto.com Coin,CRO,2021-01-15 23:59:59,0.0768,0.0663,0.0767,0.072,70440658.8609,1633458944.0213645
764,Crypto.com Coin,CRO,2021-01-16 23:59:59,0.0798,0.072,0.072,0.0767,70150564.0467,1741616921.0341413
765,Crypto.com Coin,CRO,2021-01-17 23:59:59,0.0834,0.0742,0.0768,0.0803,99607748.5692,1824878712.2454689
766,Crypto.com Coin,CRO,2021-01-18 23:59:59,0.0861,0.0774,0.0804,0.0851,73633836.1483,1935678817.310884
767,Crypto.com Coin,CRO,2021-01-19 23:59:59,0.0892,0.0831,0.0851,0.087,75687182.6024,1980668257.6124067
768,Crypto.com Coin,CRO,2021-01-20 23:59:59,0.0884,0.0787,0.0871,0.0847,70974362.0754,1928800919.047117
769,Crypto.com Coin,CRO,2021-01-21 23:59:59,0.0848,0.071,0.0847,0.0718,66321611.4311,1638177930.7403502
770,Crypto.com Coin,CRO,2021-01-22 23:59:59,0.0751,0.0662,0.0718,0.0738,66455943.7713,1684034986.106776
771,Crypto.com Coin,CRO,2021-01-23 23:59:59,0.075,0.0699,0.0738,0.0725,51749917.503,1655833794.0946374
772,Crypto.com Coin,CRO,2021-01-24 23:59:59,0.0749,0.0711,0.0725,0.0727,52544008.6636,1660314206.2663934
773,Crypto.com Coin,CRO,2021-01-25 23:59:59,0.0757,0.0705,0.0726,0.0711,53919918.7844,1626556154.751335
774,Crypto.com Coin,CRO,2021-01-26 23:59:59,0.0714,0.0675,0.071,0.0705,46410471.8148,1612893520.856501
775,Crypto.com Coin,CRO,2021-01-27 23:59:59,0.0718,0.0629,0.0705,0.0653,57835549.7604,1495681709.521483
776,Crypto.com Coin,CRO,2021-01-28 23:59:59,0.0708,0.065,0.0653,0.0697,93915969.96,1596352486.55
777,Crypto.com Coin,CRO,2021-01-29 23:59:59,0.0753,0.0656,0.0702,0.0681,148155056.49,1561774621.52
778,Crypto.com Coin,CRO,2021-01-30 23:59:59,0.0686,0.0647,0.0681,0.0658,162122503.27,1509672622.09
779,Crypto.com Coin,CRO,2021-01-31 23:59:59,0.0658,0.0603,0.0658,0.0628,128624473.38,1441524638.31
780,Crypto.com Coin,CRO,2021-02-01 23:59:59,0.0628,0.0594,0.0628,0.0612,149352843.29,1405568304.7
781,Crypto.com Coin,CRO,2021-02-02 23:59:59,0.0637,0.0602,0.0612,0.0623,157946521.12,1433790362.38
782,Crypto.com Coin,CRO,2021-02-03 23:59:59,0.0679,0.0623,0.0623,0.0674,161409062.0,1550820415.74
783,Crypto.com Coin,CRO,2021-02-04 23:59:59,0.0681,0.0633,0.0674,0.0636,76965759.37,1465200604.12
784,Crypto.com Coin,CRO,2021-02-05 23:59:59,0.068,0.0635,0.0637,0.0677,74349788.87,1560405339.52
785,Crypto.com Coin,CRO,2021-02-06 23:59:59,0.0691,0.0654,0.0677,0.0677,87867402.99,1560445565.91
786,Crypto.com Coin,CRO,2021-02-07 23:59:59,0.0677,0.0636,0.0677,0.0657,81752550.99,1515262145.26
787,Crypto.com Coin,CRO,2021-02-08 23:59:59,0.0699,0.0644,0.0657,0.0699,105594749.99,1615500496.74
788,Crypto.com Coin,CRO,2021-02-09 23:59:59,0.0721,0.0683,0.0699,0.072,189530189.73,1664349306.32
789,Crypto.com Coin,CRO,2021-02-10 23:59:59,0.076,0.0694,0.0719,0.0734,179549240.15,1698415771.96
790,Crypto.com Coin,CRO,2021-02-11 23:59:59,0.0807,0.0731,0.0735,0.08,137833251.39,1851610465.64
791,Crypto.com Coin,CRO,2021-02-12 23:59:59,0.0878,0.0797,0.0801,0.0871,237566648.51,2017465883.89
792,Crypto.com Coin,CRO,2021-02-13 23:59:59,0.0933,0.0852,0.0871,0.0915,174272796.37,2121741409.0
793,Crypto.com Coin,CRO,2021-02-14 23:59:59,0.095,0.0882,0.092,0.0891,146327950.92,2067056855.98
794,Crypto.com Coin,CRO,2021-02-15 23:59:59,0.0921,0.0788,0.0891,0.0858,147662104.26,1991047314.41
795,Crypto.com Coin,CRO,2021-02-16 23:59:59,0.0892,0.0826,0.0859,0.0846,100020127.52,1962129913.03
796,Crypto.com Coin,CRO,2021-02-17 23:59:59,0.103,0.0837,0.0846,0.1013,252137986.12,2349244884.21
797,Crypto.com Coin,CRO,2021-02-18 23:59:59,0.1218,0.1009,0.1009,0.1204,351415008.66,2793294017.44
798,Crypto.com Coin,CRO,2021-02-19 23:59:59,0.1389,0.1123,0.1204,0.1376,227906030.87,3192479555.93
799,Crypto.com Coin,CRO,2021-02-20 23:59:59,0.151,0.1317,0.1376,0.1388,219029249.95,3232922389.7
800,Crypto.com Coin,CRO,2021-02-21 23:59:59,0.1432,0.1364,0.1387,0.1406,152347827.75,3394632234.18
801,Crypto.com Coin,CRO,2021-02-22 23:59:59,0.271,0.1334,0.1406,0.2203,1993686278.98,5317939793.11
802,Crypto.com Coin,CRO,2021-02-23 23:59:59,0.2207,0.1385,0.2171,0.1592,818883318.69,3842534715.6
803,Crypto.com Coin,CRO,2021-02-24 23:59:59,0.1814,0.1486,0.1577,0.1601,346658703.65,3866367369.8
804,Crypto.com Coin,CRO,2021-02-25 23:59:59,0.1776,0.1555,0.1601,0.1555,466821921.67,3754477405.66
805,Crypto.com Coin,CRO,2021-02-26 23:59:59,0.1612,0.1461,0.1566,0.155,355555833.18,3741825679.05
806,Crypto.com Coin,CRO,2021-02-27 23:59:59,0.1575,0.1481,0.155,0.1512,254612462.77,3651007758.82
807,Crypto.com Coin,CRO,2021-02-28 23:59:59,0.1527,0.1271,0.1513,0.1343,172307405.31,3241449819.8
808,Crypto.com Coin,CRO,2021-03-01 23:59:59,0.1502,0.134,0.1343,0.1496,163868268.27,3610993114.06
809,Crypto.com Coin,CRO,2021-03-02 23:59:59,0.1583,0.1448,0.1495,0.1523,194278725.6,3676834037.21
810,Crypto.com Coin,CRO,2021-03-03 23:59:59,0.1613,0.1519,0.1524,0.1577,240309057.83,3807612065.44
811,Crypto.com Coin,CRO,2021-03-04 23:59:59,0.1624,0.1475,0.1581,0.1508,224838580.41,3641341468.93
812,Crypto.com Coin,CRO,2021-03-05 23:59:59,0.1528,0.1439,0.1508,0.152,165401808.14,3669613911.45
813,Crypto.com Coin,CRO,2021-03-06 23:59:59,0.1562,0.1485,0.1519,0.1543,162669479.18,3725360482.54
814,Crypto.com Coin,CRO,2021-03-07 23:59:59,0.1604,0.1537,0.1543,0.1598,182887470.93,3858154401.41
815,Crypto.com Coin,CRO,2021-03-08 23:59:59,0.1615,0.1544,0.1598,0.1601,177361951.73,3866563449.57
816,Crypto.com Coin,CRO,2021-03-09 23:59:59,0.1712,0.1573,0.1599,0.1712,229565315.64,4133559418.3
817,Crypto.com Coin,CRO,2021-03-10 23:59:59,0.176,0.1606,0.1712,0.1729,181707782.95,4174049878.07
818,Crypto.com Coin,CRO,2021-03-11 23:59:59,0.1989,0.169,0.1724,0.1903,308839805.97,4593896055.64
819,Crypto.com Coin,CRO,2021-03-12 23:59:59,0.2035,0.1859,0.1903,0.1904,278972308.44,4597690508.51
820,Crypto.com Coin,CRO,2021-03-13 23:59:59,0.1988,0.1787,0.19,0.1983,247842093.4,4787358052.26
821,Crypto.com Coin,CRO,2021-03-14 23:59:59,0.2012,0.182,0.1982,0.186,166166656.02,4489606938.62
822,Crypto.com Coin,CRO,2021-03-15 23:59:59,0.19,0.1668,0.1859,0.1753,110083572.37,4428477804.37
823,Crypto.com Coin,CRO,2021-03-16 23:59:59,0.194,0.1675,0.1752,0.194,159373979.26,4900146839.47
824,Crypto.com Coin,CRO,2021-03-17 23:59:59,0.2006,0.1829,0.1938,0.1974,273750331.73,4986679959.97
825,Crypto.com Coin,CRO,2021-03-18 23:59:59,0.2385,0.1974,0.1974,0.2216,635303934.28,5599319251.7
826,Crypto.com Coin,CRO,2021-03-19 23:59:59,0.2517,0.2127,0.221,0.2432,432384253.38,6142964329.94
827,Crypto.com Coin,CRO,2021-03-20 23:59:59,0.2562,0.2125,0.2442,0.2172,389032434.21,5487961058.39
828,Crypto.com Coin,CRO,2021-03-21 23:59:59,0.2269,0.2099,0.2167,0.2225,251049511.55,5620703362.35
829,Crypto.com Coin,CRO,2021-03-22 23:59:59,0.2322,0.215,0.222,0.2169,329374898.22,5480203072.01
830,Crypto.com Coin,CRO,2021-03-23 23:59:59,0.2253,0.2,0.2164,0.2146,306006605.99,5421310854.78
831,Crypto.com Coin,CRO,2021-03-24 23:59:59,0.2423,0.211,0.2145,0.2187,424456583.15,5525731059.33
832,Crypto.com Coin,CRO,2021-03-25 23:59:59,0.2206,0.2017,0.2195,0.2066,274052146.55,5219432723.2
833,Crypto.com Coin,CRO,2021-03-26 23:59:59,0.216,0.2051,0.2067,0.2131,205759333.56,5384453641.38
834,Crypto.com Coin,CRO,2021-03-27 23:59:59,0.2136,0.2027,0.2136,0.2052,195092686.82,5183427893.82
835,Crypto.com Coin,CRO,2021-03-28 23:59:59,0.2067,0.2009,0.2052,0.2037,166907523.78,5145374299.8
836,Crypto.com Coin,CRO,2021-03-29 23:59:59,0.2249,0.2024,0.2037,0.2187,332208464.62,5523853546.03
837,Crypto.com Coin,CRO,2021-03-30 23:59:59,0.2272,0.2167,0.2182,0.2216,199693647.06,5597739100.6
838,Crypto.com Coin,CRO,2021-03-31 23:59:59,0.2233,0.2101,0.2212,0.216,215433187.62,5456836110.15
839,Crypto.com Coin,CRO,2021-04-01 23:59:59,0.2254,0.2158,0.2161,0.2213,269016030.84,5590828533.83
840,Crypto.com Coin,CRO,2021-04-02 23:59:59,0.233,0.2167,0.2213,0.2307,282321426.46,5828351943.89
841,Crypto.com Coin,CRO,2021-04-03 23:59:59,0.2412,0.2156,0.2308,0.216,285137119.36,5456384167.88
842,Crypto.com Coin,CRO,2021-04-04 23:59:59,0.2301,0.2137,0.216,0.2292,172926411.94,5789300539.61
843,Crypto.com Coin,CRO,2021-04-05 23:59:59,0.2497,0.2246,0.2296,0.2468,310177928.8,6236131115.2
844,Crypto.com Coin,CRO,2021-04-06 23:59:59,0.2472,0.2255,0.2464,0.231,261462465.04,5836813293.18
845,Crypto.com Coin,CRO,2021-04-07 23:59:59,0.235,0.1813,0.2316,0.1887,259737580.77,4767655254.86
846,Crypto.com Coin,CRO,2021-04-08 23:59:59,0.2037,0.1864,0.1882,0.2033,95568850.01,5137197425.65
847,Crypto.com Coin,CRO,2021-04-09 23:59:59,0.2121,0.2021,0.2033,0.2101,86116914.84,5308255225.26
848,Crypto.com Coin,CRO,2021-04-10 23:59:59,0.228,0.2097,0.2102,0.2152,180420350.39,5436129714.04
849,Crypto.com Coin,CRO,2021-04-11 23:59:59,0.221,0.2097,0.2152,0.2135,125113589.25,5393295079.81
850,Crypto.com Coin,CRO,2021-04-12 23:59:59,0.2156,0.2034,0.2134,0.2093,107008595.49,5288565137.03
851,Crypto.com Coin,CRO,2021-04-13 23:59:59,0.2249,0.209,0.2092,0.2248,161103682.97,5679251161.83
852,Crypto.com Coin,CRO,2021-04-14 23:59:59,0.2424,0.2231,0.2246,0.2424,214616474.08,6123094397.32
853,Crypto.com Coin,CRO,2021-04-15 23:59:59,0.246,0.2318,0.2426,0.2452,138034335.48,6194396242.89
854,Crypto.com Coin,CRO,2021-04-16 23:59:59,0.2456,0.2267,0.2453,0.237,184815187.02,5988406988.14
855,Crypto.com Coin,CRO,2021-04-17 23:59:59,0.2507,0.2348,0.2366,0.2384,162748367.85,6021958155.73
856,Crypto.com Coin,CRO,2021-04-18 23:59:59,0.2394,0.189,0.2382,0.2066,184716850.42,5218088711.03
857,Crypto.com Coin,CRO,2021-04-19 23:59:59,0.2107,0.1915,0.2066,0.1953,139210557.11,4933543213.17
858,Crypto.com Coin,CRO,2021-04-20 23:59:59,0.1974,0.1781,0.1949,0.1956,134450241.72,4941203772.54
859,Crypto.com Coin,CRO,2021-04-21 23:59:59,0.202,0.1923,0.1958,0.1928,94395649.38,4870878883.88
860,Crypto.com Coin,CRO,2021-04-22 23:59:59,0.1933,0.1742,0.1928,0.1756,134728939.73,4436023822.9
861,Crypto.com Coin,CRO,2021-04-23 23:59:59,0.1766,0.1404,0.1755,0.1726,201313606.27,4360337091.28
862,Crypto.com Coin,CRO,2021-04-24 23:59:59,0.1741,0.166,0.1726,0.166,94631362.25,4194594489.18
863,Crypto.com Coin,CRO,2021-04-25 23:59:59,0.1751,0.1631,0.1661,0.1684,92370966.91,4254642945.31
864,Crypto.com Coin,CRO,2021-04-26 23:59:59,0.1875,0.1681,0.1684,0.1875,117169425.34,4736411725.87
865,Crypto.com Coin,CRO,2021-04-27 23:59:59,0.1959,0.1845,0.1875,0.194,103466873.33,4900903197.07
866,Crypto.com Coin,CRO,2021-04-28 23:59:59,0.1971,0.1835,0.1941,0.187,133155419.76,4724860147.9
867,Crypto.com Coin,CRO,2021-04-29 23:59:59,0.189,0.1811,0.1872,0.1845,77285617.3,4661814538.54
868,Crypto.com Coin,CRO,2021-04-30 23:59:59,0.1989,0.1831,0.1845,0.1983,113347100.12,5008777438.58
869,Crypto.com Coin,CRO,2021-05-01 23:59:59,0.1988,0.1907,0.1983,0.1943,74569649.19,4907559002.68
870,Crypto.com Coin,CRO,2021-05-02 23:59:59,0.1953,0.1858,0.1943,0.187,88775610.2,4725317531.5
871,Crypto.com Coin,CRO,2021-05-03 23:59:59,0.1939,0.1853,0.187,0.1878,90801743.52,4745435079.89
872,Crypto.com Coin,CRO,2021-05-04 23:59:59,0.1879,0.1652,0.1879,0.1659,122673549.41,4191044895.66
873,Crypto.com Coin,CRO,2021-05-05 23:59:59,0.1848,0.1651,0.1662,0.1844,156993499.05,4658554687.57
874,Crypto.com Coin,CRO,2021-05-06 23:59:59,0.1936,0.181,0.1839,0.19,139479396.79,4799285450.68
875,Crypto.com Coin,CRO,2021-05-07 23:59:59,0.1941,0.1819,0.19,0.1901,129409509.16,4803625035.74
876,Crypto.com Coin,CRO,2021-05-08 23:59:59,0.1943,0.1806,0.1904,0.1812,140406285.17,4576699337.39
877,Crypto.com Coin,CRO,2021-05-09 23:59:59,0.1829,0.1694,0.1813,0.1775,157091616.13,4484174007.23
878,Crypto.com Coin,CRO,2021-05-10 23:59:59,0.1851,0.1557,0.1778,0.1562,172166461.19,3946352096.67
879,Crypto.com Coin,CRO,2021-05-11 23:59:59,0.1779,0.15,0.1563,0.1737,154610026.6,4387939169.96
880,Crypto.com Coin,CRO,2021-05-12 23:59:59,0.1788,0.1541,0.1736,0.1541,117738811.26,3893979991.69
881,Crypto.com Coin,CRO,2021-05-13 23:59:59,0.1654,0.1458,0.1533,0.1617,162384101.97,4084643054.24
882,Crypto.com Coin,CRO,2021-05-14 23:59:59,0.1701,0.155,0.1617,0.1645,95302388.14,4155671732.91
883,Crypto.com Coin,CRO,2021-05-15 23:59:59,0.1674,0.1533,0.1645,0.1541,78480607.77,3893627809.64
884,Crypto.com Coin,CRO,2021-05-16 23:59:59,0.1659,0.146,0.154,0.1514,86021867.71,3825172653.35
885,Crypto.com Coin,CRO,2021-05-17 23:59:59,0.1553,0.1393,0.1551,0.1433,96326839.84,3620888839.13
886,Crypto.com Coin,CRO,2021-05-18 23:59:59,0.1517,0.1426,0.1432,0.1477,73168858.87,3731621135.81
887,Crypto.com Coin,CRO,2021-05-19 23:59:59,0.1494,0.0999,0.1477,0.1213,259885193.92,3063692766.12
888,Crypto.com Coin,CRO,2021-05-20 23:59:59,0.1332,0.1143,0.1208,0.1274,105870180.67,3218646437.26
889,Crypto.com Coin,CRO,2021-05-21 23:59:59,0.1411,0.11,0.1274,0.1207,112825611.59,3050061240.9
890,Crypto.com Coin,CRO,2021-05-22 23:59:59,0.1241,0.1129,0.1212,0.1181,88692648.98,2983512646.63
891,Crypto.com Coin,CRO,2021-05-23 23:59:59,0.1211,0.0879,0.118,0.0971,99548660.82,2452347769.05
892,Crypto.com Coin,CRO,2021-05-24 23:59:59,0.125,0.0966,0.0971,0.1221,98734368.91,3085426567.59
893,Crypto.com Coin,CRO,2021-05-25 23:59:59,0.1294,0.1193,0.1222,0.1228,92732567.46,3101617259.18
894,Crypto.com Coin,CRO,2021-05-26 23:59:59,0.1382,0.1229,0.1229,0.1308,90584469.17,3303643109.76
895,Crypto.com Coin,CRO,2021-05-27 23:59:59,0.1366,0.1247,0.1308,0.1287,70936563.37,3250476251.08
896,Crypto.com Coin,CRO,2021-05-28 23:59:59,0.1297,0.1112,0.1287,0.1139,71391440.7,2876317222.24
897,Crypto.com Coin,CRO,2021-05-29 23:59:59,0.1194,0.1082,0.1138,0.1113,62049939.89,2811398329.26
898,Crypto.com Coin,CRO,2021-05-30 23:59:59,0.1158,0.107,0.1113,0.1122,70101820.52,2834128696.11
899,Crypto.com Coin,CRO,2021-05-31 23:59:59,0.1262,0.1119,0.1122,0.1256,83502218.89,3173465833.48
900,Crypto.com Coin,CRO,2021-06-01 23:59:59,0.1272,0.1179,0.1256,0.1231,67487048.7,3109564603.5
901,Crypto.com Coin,CRO,2021-06-02 23:59:59,0.132,0.121,0.123,0.1304,75954091.12,3294361760.02
902,Crypto.com Coin,CRO,2021-06-03 23:59:59,0.1359,0.1292,0.1303,0.1334,60440740.91,3369212476.61
903,Crypto.com Coin,CRO,2021-06-04 23:59:59,0.1335,0.1188,0.1334,0.1214,60324460.84,3066277201.09
904,Crypto.com Coin,CRO,2021-06-05 23:59:59,0.1274,0.1166,0.1214,0.1191,52519767.72,3009942375.41
905,Crypto.com Coin,CRO,2021-06-06 23:59:59,0.1251,0.1189,0.1191,0.1243,52297943.65,3140049962.39
906,Crypto.com Coin,CRO,2021-06-07 23:59:59,0.1288,0.1157,0.1243,0.1158,58119453.44,2924465246.15
907,Crypto.com Coin,CRO,2021-06-08 23:59:59,0.1173,0.1078,0.1157,0.1142,61664075.46,2884500904.38
908,Crypto.com Coin,CRO,2021-06-09 23:59:59,0.1239,0.1107,0.1142,0.1231,57322605.7,3109176664.19
909,Crypto.com Coin,CRO,2021-06-10 23:59:59,0.1246,0.1152,0.1231,0.1175,45395912.0,2967333345.86
910,Crypto.com Coin,CRO,2021-06-11 23:59:59,0.1215,0.1155,0.1174,0.118,41072225.72,2980357013.38
911,Crypto.com Coin,CRO,2021-06-12 23:59:59,0.1185,0.1103,0.118,0.1125,51886216.75,2840952499.69
912,Crypto.com Coin,CRO,2021-06-13 23:59:59,0.1224,0.1109,0.1125,0.1202,51021797.42,3035528762.78
913,Crypto.com Coin,CRO,2021-06-14 23:59:59,0.124,0.1164,0.1202,0.1222,50043680.88,3086451108.91
914,Crypto.com Coin,CRO,2021-06-15 23:59:59,0.1203,0.1155,0.1197,0.1196,47233670.45,3021811802.13
915,Crypto.com Coin,CRO,2021-06-16 23:59:59,0.123,0.1133,0.118,0.1141,53868439.2,2881536830.67
916,Crypto.com Coin,CRO,2021-06-17 23:59:59,0.1169,0.112,0.1141,0.1144,45721074.16,2889353036.45
917,Crypto.com Coin,CRO,2021-06-18 23:59:59,0.1149,0.1041,0.1144,0.1059,47559515.49,2675241465.48
918,Crypto.com Coin,CRO,2021-06-19 23:59:59,0.1118,0.1037,0.1059,0.1084,46907443.77,2738526276.75
919,Crypto.com Coin,CRO,2021-06-20 23:59:59,0.1092,0.101,0.1084,0.1082,47395250.33,2733236012.2
920,Crypto.com Coin,CRO,2021-06-21 23:59:59,0.1082,0.0909,0.1081,0.091,58227987.66,2298026680.4
921,Crypto.com Coin,CRO,2021-06-22 23:59:59,0.0952,0.081,0.091,0.0885,67355304.57,2236550590.67
922,Crypto.com Coin,CRO,2021-06-23 23:59:59,0.0973,0.0869,0.0885,0.0948,54282922.69,2394357317.22
923,Crypto.com Coin,CRO,2021-06-24 23:59:59,0.1021,0.0932,0.0966,0.1008,46419935.8,2546685533.54
924,Crypto.com Coin,CRO,2021-06-25 23:59:59,0.1035,0.0937,0.1008,0.095,55270342.88,2398910818.09
925,Crypto.com Coin,CRO,2021-06-26 23:59:59,0.0971,0.0901,0.0949,0.0954,62918917.93,2409315576.49
926,Crypto.com Coin,CRO,2021-06-27 23:59:59,0.1063,0.0955,0.0955,0.1063,65942796.95,2684628510.02
927,Crypto.com Coin,CRO,2021-06-28 23:59:59,0.1097,0.1038,0.1063,0.1091,56962301.07,2755238364.38
928,Crypto.com Coin,CRO,2021-06-29 23:59:59,0.1189,0.1089,0.1091,0.1154,53859706.58,2914224057.06
929,Crypto.com Coin,CRO,2021-06-30 23:59:59,0.1166,0.1097,0.1154,0.1153,53946617.7,2914086568.09
930,Crypto.com Coin,CRO,2021-07-01 23:59:59,0.1171,0.1111,0.1155,0.1121,62752390.59,2832302558.84
931,Crypto.com Coin,CRO,2021-07-02 23:59:59,0.1142,0.109,0.1122,0.1139,44959904.34,2877801462.38
932,Crypto.com Coin,CRO,2021-07-03 23:59:59,0.1196,0.1128,0.1139,0.1184,45780377.49,2991307462.52
933,Crypto.com Coin,CRO,2021-07-04 23:59:59,0.1253,0.1172,0.1184,0.1224,41744858.66,3092882857.86
934,Crypto.com Coin,CRO,2021-07-05 23:59:59,0.1225,0.1135,0.1225,0.1158,47289130.81,2925805358.95
935,Crypto.com Coin,CRO,2021-07-06 23:59:59,0.125,0.1157,0.1157,0.1229,152076430.02,3103718258.1
